DELETE FROM Registrations;
DELETE FROM Students;
DELETE FROM Courses;

PROMPT
PROMPT Populating Courses
PROMPT

INSERT INTO Courses
VALUES('TL310','COMPUTING WITH MEDIA');

INSERT INTO Courses
VALUES('TL320','COMPUTING WITH SOFTWARE');

INSERT INTO Courses
VALUES('TL330','COMPUTING WITH GAMES');

INSERT INTO Courses
VALUES('TL340','COMPUTING WITH IT SUPP');

PROMPT
PROMPT Populating Students
PROMPT

INSERT INTO Students
VALUES(1001,'KELLY','J','MARTIN','0872524123','TL320');

INSERT INTO Students
VALUES(1002,'ADAMS','P','MOLLY','0873636554','TL310');

INSERT INTO Students
VALUES(1003,'FLYNN','S','MIKE','0861212345','TL320');

INSERT INTO Students
VALUES(1004,'CURRAN','J','TOM','0896688779','TL320');

INSERT INTO Students
VALUES(1005,'WALSH','K','MARIE','0876785441','TL310');

INSERT INTO Students
VALUES(1006,'FARELL','V','DAVID','0879705664','TL320');

INSERT INTO Students
VALUES(1007,'KELLY','T','MARY','0872244632','TL340');

INSERT INTO Students
VALUES(1008,'WALKER','G','FRANCIS','0868811234','TL340');

INSERT INTO Students
VALUES(1009,'MURPHY','F','DIARMUID','0832001123','TL320');

INSERT INTO Students
VALUES(1010,'WALLICE','A','AMY','0879900012','TL340');


PROMPT
PROMPT Populating Registrations
PROMPT

INSERT INTO Registrations
VALUES('TL310',1003,'01-SEP-16',0);
INSERT INTO Registrations
VALUES('TL320',1002,'01-SEP-16',0);
INSERT INTO Registrations
VALUES('TL310',1001,'01-SEP-16',0);
INSERT INTO Registrations
VALUES('TL340',1005,'02-SEP-16',0);
INSERT INTO Registrations
VALUES('TL320',1006,'03-SEP-16',0);
INSERT INTO Registrations
VALUES('TL320',1004,'01-SEP-16',0);
INSERT INTO Registrations
VALUES('TL320',1007,'01-SEP-17',0);
INSERT INTO Registrations
VALUES('TL310',1009,'02-SEP-17',0);
INSERT INTO Registrations
VALUES('TL320',1010,'01-SEP-17',0);
INSERT INTO Registrations
VALUES('TL320',1003,'01-SEP-17',0);
INSERT INTO Registrations
VALUES('TL320',1005,'01-SEP-17',0);
COMMIT;


